cluster,name
1,лига-ст
1,лигал.ком
1,лига-с
1,фрп-лигал
1,версус.лигал
1,организованная правовая группа лигал
1,лте рус
1,энджелс криэйтив репродакшн юроп
1,лига профессионалов
1,лекс грант
1,лигал эдвайс
1,легал технолоджис
1,да лигал
1,логос-капитал
1,байкал лигал
1,голд шьиилд
1,трейд корд-н интернейшенал
1,прайвит лигал сервисиз
1,автолигалтек
1,нис глонасс-алания
2,а.к. эдьюкейшнал консультантс
2,тат эксперт про
2,статус-профессионал
2,дмн-эксперт
2,терра эксперт
2,деловой эксперт
2,правовой эксперт-сервис
2,экспертправо
2,нижегородский советник
2,юравтоэксперт
2,промбизнесэксперт
2,советник компани
2,эксперт-финанс
2,оценщик +
2,сэц советник
2,эксперт право
2,налоговый консультант
2,аукционэксперт
2,профбизнесэксперт
2,статский советникъ
3,многоотраслевая компания южный урал
3,группа компаний мегиддон
3,калугабизнеспартнер
3,юртрансгрупп
3,компания топ 7
3,коммерческая фирма корона
3,осириус команда
3,ювелир трейд
3,северо-западная тендерная компания
3,торгово-производственно-коммерческая фирма киров
3,группа компаний дав
3,самойлов компани
3,аутсорсинговая компания велес
3,сельскохозяйственная компания московского региона
3,милана аутсорсинг
3,интегро (integre company limited)
3,компания можайская земля
3,межрегиональная корпорация кадар
3,златоустметаллснаб
3,торговый дом волга
4,мильстрим менеджмент
4,мерло
4,максима-с
4,мосзакупки
4,грандмани
4,мила
4,комплекс-м
4,мпко
4,омикрон
4,мерапи
4,смэг
4,милея
4,ксм
4,эм джи ай прайм баланс - м
4,мегаполис вн
4,мята
4,мультиворк
4,эм энд пи менеджмент
4,метрополис
4,метасэйл
5,юсуповъ
5,игк мфюа
5,юг-33
5,юрмп
5,юиспро
5,юрид
5,юрлис
5,юриатис
5,юргарантия
5,юмэкс
5,стратагема ювента
5,ютэко
5,юрклуб
5,юринтент
5,компания юнитекс
5,аверс юст
5,фирма ютис
5,енисей
5,ю-виал
5,юркэпитал
6,сириус
6,свен
6,сашико
6,сигнификаду
6,севен хиллс
6,самвест
6,совюртех
6,садко
6,сэйфити
6,скантис
6,осагохелп
6,скайпром
6,грэсия
6,сепко
6,спин
6,сеф
6,св
6,смарт солюшенс
6,изистафф
6,сознак
7,лацерум
7,саблайм
7,лму
7,сберлик
7,лико
7,лоуэр прайм
7,люба мода
7,лондр
7,лекс лайн
7,элит про
7,гладиатор
7,лобстер
7,лайт сквер
7,линдгрейв
7,налм полития
7,леон
7,ла дарсена
7,легал тим
7,лт солюшенз
7,лекс ассистент
8,бюро профессиональных решений
8,юридическое бюро партнёрство
8,правовое бюро эгида
8,юридическое бюро актор
8,юридическое бюро атис
8,бюро правового аутсорсинга
8,бюро защиты технических инноваций
8,юридическое бюро армада
8,национальное юридическое антиколлекторское бюро правильный курс
8,юридическое бюро правовые технологии
8,юридическое бюро неза
8,одинцовское юридическое бюро
8,юридическое бюро юрпроф
8,бюро юридической помощи
8,юридическое бюро социальная справедливость
8,столичное авто-юридическое бюро
8,юридическое бюро социальные гарантии
8,кей энд кей юридическое бюро
8,городское юридическое бюро бизнес-эдвайзер
8,юридическое бюро правовая династия
9,легальная формула
9,исключительное право
9,мир права 24/7
9,бастион права
9,все права сохранены.
9,иж-право
9,север право
9,проспект - право
9,власть закона
9,законный контракт
9,кодекс-стр
9,правовая орбита
9,право. просвещение
9,правовой меридиан
9,фпз справедливость
9,правоюст
9,общество правового регулирования
9,вектор право
9,правоактив
9,развитие и закон
10,стк-волга
10,тридиджи
10,зерта
10,нтк-4
10,итас
10,техносфера
10,термех
10,эталонюст
10,тодес
10,техсоюз
10,троицкое
10,тритон
10,технолекс
10,трейд марк
10,гольфстрим-с
10,трисофт
10,тандем экспо
10,тдютиф
10,витязь хот-лайн
10,трейнинглидер
11,рб-аудит
11,деко аудит
11,финком-аудит
11,фбк право
11,ведение документации по охране труда
11,аудиторско-консультационная фирма примаучет
11,региональная бухгалтерская компания априори
11,агентство финансового и бухгалтерского сопровождения
11,бухгалтерские услуги
11,центр бухгалтерии и аудита
11,юридическое агентство правовой аудит
11,арбитражное производство
11,бухгалтерская контора
11,ак независимый институт консультантов и аудиторов
11,км аутсорсинг
11,специализированная организация госзаказ-дв аутсорсинг
11,аудит-гарант
11,проверка труда
11,аудит бухгалтер групп
11,фингарант
12,своя компания
12,партнерство 2009
12,объединенная группа компаний прагматик
12,компания партнер
12,независимое юридическое партнёрство
12,амрос партнер
12,юридическая компания ваш партнер
12,юридическое партнерство
12,партнер-с
12,юридическое партнерство рехтсфалль
12,альянс-консалта
12,партнерское согласие
12,кредитпартнер-юг
12,финансовые партнеры
12,кастомс френд
12,деловое региональное партнерство
12,правовое партнерство лексвелл
12,би энд эм партнерс
12,независимое юридическое партнерство
12,форсети-партнер
13,веллберг
13,варрант
13,вим дичере
13,виола
13,виам лекс
13,ведара
13,вайз-эдвайс
13,эвиталия
13,вектр
13,варган
13,вектор 2
13,центра вий
13,висмут
13,виртус-офис
13,вилмикс
13,вип стайл
13,валькирия
13,вордстар
13,вегас
13,вэнди
14,служба защиты прав автомобилистов
14,правовой бастион
14,секьюрити промоушн фаундейшн
14,комплексная правовая защита
14,защита прав пайщиков и дольщиков
14,мир безопасности
14,администрация правовой защиты
14,школа охраны труда
14,правовая защита граждан
14,защитник прав
14,дтп помощь липецк
14,частное охранное предприятие последний патрон
14,лига содействия призывникам
14,дорожный патруль аварком 68
14,агентство информационной безопасности защиты грузопотоков
14,охранное предприятие аргус
14,региональная служба аварийных комиссаров аварком-центр
14,агентство безопасности защитник
14,правовой защитникъ
14,юридическая компания наша защита
15,квэстор
15,чезаре
15,кол-тов
15,регистрируем точка ком
15,кей эм джи
15,конаско
15,контур-аналитика
15,кабир
15,келин
15,челныюринформ
15,гротеск
15,ксесона
15,картара
15,кэйт
15,кримп
15,оцелот
15,сканди
15,касиния
15,патс-калининград
15,крес-с
16,сферы недвижимости
16,агентство недвижимости и права фаворит
16,районное агентство недвижимости
16,недвижимость поволжья
16,агентство недвижимости крымский вал
16,уральская недвижимость
16,московское агентство недвижимости
16,жилищное агентство
16,правовой центр недвижимости светланы калугиной
16,липецкий центр недвижимости
16,жилищное хозяйство
16,оператор недвижимости флэт
16,агентство недвижимости ариадна
16,центр недвижимости и права аристократ
16,резиденция
16,недвижимость балтийск
16,визит-риэлт
16,александр инвестиции в недвижимость
16,лига недвижимости
16,право.финансы.недвижимость.
17,югземлестрой
17,корппроект
17,стройпроектсервис
17,стройгеоэксперт
17,строймода менеджмент
17,городской проектъ
17,инвестстройдизайн
17,строй-лекс
17,омега-проект
17,стройюрист
17,главрегионстандарт
17,омскавтострой
17,корпбилдинг девелоп
17,югстройконсалт
17,строительный полюс
17,ульяновсклеспроект
17,юк стройзащита
17,спецэлектромонтаж
17,балтийская строительная компания
17,экспостройнефтепродукт
18,альденза
18,ауксилиум
18,альфалекс
18,алекс+
18,овелонд
18,адс-линк
18,альтегос
18,алехандро
18,гранд - эльбор
18,альва
18,альфа альянс
18,орианна
18,алди
18,альтамира
18,алгор и ко
18,лазурит
18,афина
18,эврика-м
18,аваль лтд
18,арес альянс
19,юридическое агентство вип
19,агентство глинт
19,северо-западное арбитражное агентство
19,юридическое агентство решение
19,агентство феликс
19,"национальное агентство по защите авторских, смежных прав и объектов интеллектуальной собственности"
19,юридическое агентство абакумовъ
19,агентство заслон-а
19,юридическое агентство приватконсалтинг
19,агенство консультаций и деловой информации комфорт
19,юридическое агентство политес
19,агентство управления и сопровождения
19,юридическое агентство немезида
19,юридическое агентство разумное решение
19,агентство безопасности бизнеса и частных интересов сварог
19,юридическое агентство хизард
19,юридическое агентство нлс
19,юридическое агентство три-о
19,юридическое агентство паритет
19,юридическое агентство меркурий
20,фавор
20,гк пирс
20,уралпатент
20,форис
20,фемида-профит
20,фета
20,фьюри спортс менеджмент
20,фелиция
20,оплот
20,сферум
20,профюст
20,просперити
20,профюрцентр
20,дтп-48
20,статуспро
20,гриффон
20,флик
20,фаундейшн
20,профит-м
20,флорин
21,небо голубое 9
21,червль
21,ракета
21,рк-северо-запад
21,столица-е
21,маслов и к
21,оскар
21,глобал
21,волга
21,союз чеченских автомобилистов
21,близнецы-север
21,соотечественникъ
21,молочные реки
21,омега-север
21,серебрион
21,стальград
21,сила единства
21,серебро
21,крада
21,автограф-гранд
22,консалтинговое агентство -
22,энса консалт
22,медиация консалт
22,южная консалтинговая компания
22,лекс нова консалтинг
22,энтерпрайз лигал консалтинг
22,консалтинг-б
22,правовой консалтинг норма
22,налог - консалт
22,консалтинговая компания коммерсантъ
22,декарт консалт
22,фарос консалт
22,коэн консалтинг
22,консалтсервис
22,реал консалт
22,консалтинговая фирма лекс
22,консалтинговое агентство бизнес и право
22,консалтинговая фирма аудит-регион
22,ук консалт
22,три консалт
23,аргументлексконсалтинг
23,инфоконсалтинг
23,мособлконсалтинг
23,генинжконсалт
23,эйбиси-консалтинг
23,гарда-консалтинг
23,гранд-консалтинг
23,интертрейдинг. бизнес саппорт
23,лика-консалтинг
23,респо-консалтинг
23,бестконсалт
23,грандконсалтинг
23,юрпрофконсалтер
23,стан-консалт
23,нс-консалтинг
23,юрконсалтинг+
23,адвалор-консалт
23,такт-консалт
23,афк-консалт
23,аутсорсинг55
24,универсалброкерсервис
24,служба заказчика +
24,авто-бюро
24,автоклуб-саратов
24,ипотека сервис
24,бсу сервис
24,трио сервис
24,сервисная компания ак авто
24,трейд сервис
24,сервис тк
24,регистрация-сервис
24,информационный сервис
24,промсервис
24,глобал сервис
24,энерго-сервис плюс
24,саргонпромсервис
24,эсарджи-юридические услуги
24,ю-сервис
24,универсальные услуги
24,смарт сервис
25,юридическая компания протект
25,юридическая компания байкал
25,юридическая фирма верум
25,юридическая фирма пакта
25,юридическая фирма оптима фидэ
25,юридическая компания консулат
25,юридическая фирма визирь
25,юридическая фирма вектор
25,юридическая компания рацио лтд
25,юридическая компания тетчер
25,юридическая фирма алиби
25,якутская юридическая компания гарантия
25,юридическая корпорация бест линк
25,юридическая компания соломоново решение
25,юридическая фирма глобус
25,-юридическая фирма исход
25,юридическая фирма евроопека
25,юридическая фирма нпц-агро
25,юридическая компания диалир-а
25,юридическая инвестиционная компания агор
26,агент прав
26,нева-юрист
26,юридическая компания юрист профи
26,адвокод
26,патентный поверенный рыбаков ю.в.
26,адвокаты.ру
26,финансовый юрист
26,главюрист
26,юридическая кампания эксперт
26,арт де лекс - судебная практика
26,юрэкспертсервис
26,правовед профи
26,юристъ.профи
26,юридическая фирма профи-консультант
26,юридическая консультация советник
26,юристък
26,профюрист псков
26,народный правозащитник
26,юрисконсульт плюс
26,мой юрист онлайн
27,турьев и партнеры
27,семенов и певзнер
27,"чашков, шураков и партнеры. брянск"
27,пехтерева и партнеры
27,соколова и партнеры
27,ларин и партнеры
27,базанов и партнеры
27,варшавский и партнеры
27,юк новиков и партнеры
27,"сафарян, радюкевич и партнеры"
27,королев и партнеры
27,данилевский п.й. и партнеры
27,романов и партнеры
27,введенский и партнеры
27,гарварт и партнеры
27,"краснов, паршин и партнёры"
27,вальцман и партнеры
27,литвинова и партнеры
27,крикунов и партнеры
27,хабибуллин и партнёры
28,дунай
28,де-юро.де-факто
28,достояние
28,фирма данат
28,диво
28,«дмсу»
28,дерби
28,длн
28,дельтадакар
28,диона сервис
28,девалекс
28,давтон
28,де юре
28,дартис
28,давыдов
28,дивема
28,деюр бюро
28,део
28,дукат
28,даурия
29,регреклама
29,ремез
29,георост
29,ростагро
29,референтъ
29,грин фокс энд орандж вулф
29,реалгрант
29,рестарт
29,ринг-м
29,райт фоникс
29,гард-р-инфо
29,рекслер
29,рутакс
29,реаларт нн
29,релит
29,рон
29,правоголд
29,реверсия
29,радреш
29,рего
30,юридическая компания груздев и партнеры
30,юридическая компания бергер и партнеры
30,юридическое бюро калач и партнеры
30,юридическое агентство данилов и партнеры
30,консультационная компания кокорин и партнеры
30,юридическая фирма воронин и партнеры
30,юридическая фирмадоломанов и партнеры
30,юридическая компания колмогоров и партнеры
30,юридическая компания стибикина и партнеры
30,юридическое агентство негодова и партнеры
30,юридическое бюро савостьянов и партнеры
30,юридическое бюро партнеры
30,юридическая компания крысанов и партнеры
30,юридическая компания вайс и партнеры
30,юридическая компания романова и партнёры
30,юридическая фирма курьянов и партнеры
30,"«юридическая фирма касаткин, зенин и партнёры»"
30,юридическая компания михайлов и партнеры
30,юридическое бюро алексей степанов и партнёры
30,юридическая компания кадулич и партнеры
31,юридическая фирма содействие
31,юридическая компания круглый стол
31,юридическая компания правовые решения
31,юридическая компания репутация
31,юридическая компания профессионалов
31,юридическая фирма бизнес-консультант
31,правовая компания аспект
31,юридическая фирма финансово-правовой альянс
31,юридическая компания юрист -система
31,правовая компания тсм групп
31,юридическая группа север
31,юридическая группа мип
31,финансово-юридическая компания статус-приоритет
31,юридическая фирма правовед
31,юридическая компания служба юридической поддержки
31,юридическая компания грань
31,правовой альянс+
31,юридическая компания гранд право
31,группа компаний правоведъ
31,юридическая компания коллегия
32,абсолют кредит
32,амф капитал
32,мвп-инвест
32,промфинанс
32,арс финанс
32,русская финансовая группа
32,актив финанс оренбург
32,инвестиционная группа атек
32,инвест-капитал-строй
32,кафедра инвестиций
32,материнский капитал
32,аллегро финанс
32,инвестиционные решения
32,цфр
32,альянс инвест
32,оптима-трейд
32,ф-консалтинг ценные бумаги
32,инвестиционная компания рикка
32,фабер энд кейс рус лимитед
32,ринфинанс
33,антроник
33,адва
33,астрон
33,амирсен
33,аструм-диалог
33,артпатент
33,арктурлайн
33,импералекс
33,аккорд
33,арма
33,адестра
33,арисмет
33,алекс-импэкс
33,анхель
33,а-проф
33,апексгруп
33,альянскомпани
33,ажур
33,а16
33,апз приоритет
34,энергоревизор
34,вебмедиация
34,техника безопасности
34,экосфера-стандарт
34,ассорти синтез
34,логистические системы
34,социальная лаборатория будущего селена77
34,финансовые инновации
34,технологии развития плюс
34,инициатива
34,идеалист-маркетинг
34,институт экологии землепользования
34,экотехнологии
34,научно - производственная фирма специальная автоматика
34,правовые технологии бизнеса
34,энергорегион
34,юк инновационные решения
34,правовые технологии развития бизнеса для тюменского региона
34,глобалинжиниринг
34,нк прогресс21
35,компания чистый город
35,"управляющая компания крона,"
35,управляющая компания олимп
35,управляющая компания республика
35,жкх-консультант
35,управление делами компаний
35,антикризисная управляющая компания сфинкс
35,«группа компаний водоканал эксперт юг»
35,управляющая компания дальний восток
35,антикризисная управляющая компания
35,союз эффективных собственников жилья
35,строительная компания управа
35,управляющая компания монолог
35,жкх-54
35,управляющая компания энергоменеджмент
35,аварийная служба северного административного округа города москвы
35,управляющая компания агрохолдинг гетэкс
35,управляющая организация импульс
35,правовой центр справедливое жкх
35,управляющая компания гигант
36,фаворит-плюс
36,бонус+
36,алькрим плюс
36,бизнес-арсенал плюс
36,три а плюс
36,омел плюс
36,универсалъ плюс
36,интеграл+
36,нормас+
36,су-5 плюс
36,премиум лайн
36,аметист плюс
36,длс плюс
36,сервис плюс
36,актив21плюс
36,стандартплюс
36,бух экстерн плюс
36,премьерплюс
36,дело плюс
36,алгоритм плюс
37,бизнес гарант
37,юравтогарант
37,юргарант
37,гарант тб
37,контракт-гарант
37,юридическая компания гарант и право
37,гарантсерт
37,юридическое агентство гарант-профи
37,гарант доверия
37,восток-гарант
37,гарант - право
37,агент гарант
37,гарант-инвест
37,гранд-гарант
37,центр профессионального образования гарант
37,лицензия-гарант
37,гарант груп раша
37,лармонт гарант
37,центр правовой поддержки гарант
37,гарант центр
38,юридический центр мои права
38,московский юридический центр корпус права
38,национальный правовой центр
38,северо-кавказский региональный юридический центр
38,юридический центр советникъ
38,миллеровский центр юридических услуг
38,юридический центр содружество
38,юридический центр софус
38,правовой центр корпоративное управление
38,юридический центр феникс
38,юридический центр прогресс
38,центр интеллектуальной собственности и инноваций иннопарк
38,юридический центр точное действие
38,юридический центр юстиниан
38,центр права риал драфт
38,столичный центр права
38,центр наследства и права
38,правовой центр харрас
38,юридический центр пробизнес
38,юридический центр кредитные юристы
39,бояр
39,барски
39,контур рбс
39,сабр
39,бфлц
39,белрусконсалт
39,лордберг
39,буран
39,безе
39,пбк
39,битекс арт
39,балансодержатель
39,бкс
39,бм-право
39,барьер
39,ресурс-б
39,фемида бор
39,антибанкстер
39,базис м
39,биг сити
40,никел
40,юнова
40,интэк
40,комьюнити интернэшнл
40,нордгруп
40,юнион св
40,никсис ре
40,онли бизнес
40,норд-стандарт
40,регион информ
40,юнит
40,илмар трейд
40,ай энд джей траст кэпитал
40,нева-конкурс
40,юто юнион
40,ника
40,нпо
40,нью лайф
40,интермед
40,айдан
41,медиа-групп
41,альянс-групп
41,ай ви эс ло групп
41,айдиэсэс групп
41,цсб-групп
41,логика и группа
41,аб-групп
41,эдвайс ман групп
41,рл групп
41,группа стк
41,лав инфорсмент групп
41,киракосян групп
41,мдк групп
41,фиделити групп
41,аделла групп
41,процесс групп
41,ап-групп
41,сик менеджмент груп
41,оу энд кей груп
41,бвт групп
42,экспертиза-29
42,научно-правовой центр экспертиза
42,центр независимой судебной экспертизы эверест
42,аналитический центр уголовного права и криминологии
42,аналитическая юриспруденция
42,лаборатория цифровых исследований
42,экспертно-правовое бюро эксперт 47
42,экспертный центр макс
42,центр судебной экспертизы и досудебных исследований криминалист
42,землеустроительная экспертиза плюс
42,экспертиза и сервис
42,саратовский экспертный центр
42,экспертно-правовое учреждение эксперт права
42,экспертная оценка
42,бюро судебной экспертизы и независимой оценки
42,служба независимой экспертизы и оценки
42,экспертиза
42,экспертиза-сервис
42,центр правовых исследований и экспертиз праэкс
42,экспертно-правовая компания
43,камское коллекторское агентство
43,юридический кабинет деньги вперёд
43,эс банкрот
43,служба кредитных взысканий
43,без долгов санкт-петербург
43,агентство правового взыскания долгов
43,микрокредитная компания грандмани
43,агентство банкротств
43,выбанкрот
43,первое коллекторское агентство - комплексная безопасность бизнеса
43,быстрые судебные взыскания
43,агентство взыскания страховых выплат
43,пермское банкротное бюро
43,"бизнес-юрист, банкротства физических лиц"
43,коллекторское агентство альтернатива
43,межрегиональная финансово-юридическая корпорация эра пик
43,банкротное бюро эксперт
43,долговое агентство центр кредитной безопасности
43,коллекторское агентство эфес
43,финансовое агентство по сбору платежей
44,центр учета и патентования интеллектуальной собственности
44,территория онлайн образования
44,центр социальная  гарантия
44,центр делового развития
44,центр сопровождения кадастровых работ
44,центр бизнес услуг
44,центр успешного предпринимательства качество+
44,центр-представительство
44,северо-западное агентство информационного сопровождения проектов гчп
44,центр стратегических разработок инновационного развития северного кавказа
44,проф центр
44,межрегиональный центр содействия в организации контроля качества строительных работ содружество
44,центр профилактики сосудистых катастроф
44,единый центр аутсорсинга
44,центр бухгалтерского обслуживания
44,единый центр повышения квалификации в области закупок фкс-центр
44,илимский региональный центр корпоративного управления
44,аукционный центр основа
44,центр инновационного образования
44,оценочный центр профи
45,правовые бизнес технологии
45,бизнес и тендер
45,ресторанная франчайзинговая компания
45,голд бизнес
45,бизнес технологии
45,бизнес и налоги
45,бизнес-союз
45,бизнес-комфорт
45,компания бизнес консультант
45,бизнес-ск
45,бизнес бокс
45,бизнес лидер
45,деловая практика
45,бизнес и право краснодар
45,корпоративный стандарт
45,деловой ветер
45,бизнес-конструктор
45,бизнеспроект
45,бизнес синергия
45,мой бизнес
46,юрфинбюро
46,тгк. юридическая практика
46,ф. юридическая служба
46,институт правоприменения и мониторинга законности
46,комплексное правовое обслуживание
46,центр корпоративного права юрист-регистратор
46,кабинет судебной практики и проектных решений
46,мвп правовые консультанты
46,юридические консультации м
46,юридическая организация юстиции
46,реорганизация и ликвидация
46,арбитраж приморского района
46,единая городская юридическая служба
46,волжская юридическая организация
46,юридические и пиар услуги вариант
46,правовая коллегия №1
46,международная академия медиации и права
46,восточно-европейская правовая ассоциация
46,служба правового сопровождения
46,юридическая финансовая служба
47,тематика
47,#твойофис
47,дела в порядке
47,ваш метод
47,мы правы
47,покон
47,''агентство ''анна''
47,норма
47,автослучай
47,открытый портал
47,тест
47,девяносто
47,доверие №1
47,но
47,законъ
47,ваш выход
47,глобал.ру
47,ваша честь
47,доля
47,проводник
48,центр правовой защиты афина
48,центр правовой и психологической помощи эфир
48,правовой консультационный центр ваш юрист
48,центр правового содействия
48,центр правовой поддержки бизнеса визави
48,центр юридической защиты предпринимателя
48,центр правовой поддержки населения и предпринимательства
48,информационно-правовой центр консультант
48,центр оказания правовой помощи
48,центр страховых консультаций
48,фонд правовой помощи
48,общества с ограниченной ответственностью центр финансово - правовой помощи правда+
48,межрегиональный союз юристов защита пациентов
48,московский центр финансы и право
48,консультационный центр право и финансы организаций
48,астра центр юридической защиты
48,уральский центр правовой защиты
48,единый центр правовой защиты
48,центр защиты прав автомобилистов
48,центр правовой поддержки населения и бизнеса
49,специализированная организация фонд содействия муниципалитетам
49,общества с ограниченной ответственностью приоритет
49,кооператив по оказанию правовых услуг правовед
49,производственно-коммерческая фирма
49,единое авторское общество
49,медицинская фирма сестра милосердия
49,потребительский кооператив волга
49,объединенные электросети
49,потребительское общество артель
49,народное сберегательное объединение поддержка
49,общество правовой поддержки телезрителей
49,общество с ограниченной отвественностью бизнес-идея
49,многофункциональная организация
49,сообщество свободных профессионалов
49,компания содействия бизнесу
49,фонд поддержки предпринимательства
49,торгово-производственный потребительский кооператив про-движение
49,внешнеэкономический правовой альянс
49,специализированная организация содружество
49,общество  с ограниченной  ответственностью  юринформцентр
50,томский экспертно-правовой центр регион 70
50,сибтехавиа
50,долговой центр республики хакасия
50,юридическая сибирская компания
50,алтайский заказчик
50,арбитражное учреждение арбитратор-красноярск
50,коллекторское агентство сибирь
50,красноярское агентство развития бизнеса арбитр
50,тюменская финансово-юридическая компания
50,сибирский центр аварийных комиссаров
50,байкальский консультативный центр правовая защита
50,юридическая компания сиб-юр
50,сибирский щит
50,инвест красноярск
50,юридическая компания цвд-омск
50,восточно-сибирская торговая компания
50,восточно-сибирский юридический центр
50,южно-уральский правовой инвестиционный центр
50,торговый дом сибирский лес
50,сибирское юридическое агентство+
